Iteration,W_dist,mu_dist,var_dist,mu_wind,var_wind,W_angle,var_wind_angle_change
1,0.0,0.9,0.1,0.3,0.01,0.0,0.01
2,0.01007832185896562,0.7451433257783315,0.14178946905097162,0.3242143777885284,0.01297999888030023,0.02430608977610403,0.011157525534693138
3,0.015347397579416685,0.7014652884153271,0.1413050420945782,0.2798821069556777,0.013749078076694019,0.03547071895926496,0.012752076578989847
